commodity,stock,lag_days,n_obs,expected_direction,pearson,pearson_stable,spearman,dcor,pearson_nifty50_neutral,pearson_nifty500_neutral,pearson_usdinr_component
gold,MUTHOOTFIN.NS,0,483,positive,0.202,True,0.167,0.198,0.165,0.155,-0.043
gold,MUTHOOTFIN.NS,1,482,positive,0.254,True,0.233,0.239,0.235,0.238,0.014
gold,MUTHOOTFIN.NS,2,481,positive,-0.048,False,-0.03,0.092,-0.041,-0.046,-0.032
gold,MUTHOOTFIN.NS,3,480,positive,0.015,False,0.025,0.102,0.026,0.049,0.031
gold,MUTHOOTFIN.NS,4,479,positive,0.028,False,-0.027,0.091,0.042,0.037,-0.064
gold,MUTHOOTFIN.NS,5,478,positive,0.051,False,0.067,0.111,0.04,0.043,0.058
gold,MUTHOOTFIN.NS,6,477,positive,-0.032,False,-0.053,0.096,-0.073,-0.076,-0.04
gold,MUTHOOTFIN.NS,7,476,positive,-0.13,True,-0.108,0.138,-0.102,-0.096,0.061
gold,MANAPPURAM.NS,0,483,positive,0.112,False,0.084,0.109,0.063,0.046,-0.049
gold,MANAPPURAM.NS,1,482,positive,0.073,False,0.08,0.101,0.042,0.041,-0.018
gold,MANAPPURAM.NS,2,481,positive,-0.034,False,0.009,0.073,-0.029,-0.039,0.014
gold,MANAPPURAM.NS,3,480,positive,-0.053,False,-0.043,0.108,-0.062,-0.037,-0.009
gold,MANAPPURAM.NS,4,479,positive,-0.028,False,-0.011,0.094,-0.017,-0.02,-0.02
gold,MANAPPURAM.NS,5,478,positive,0.036,False,0.034,0.077,0.018,0.021,0.05
gold,MANAPPURAM.NS,6,477,positive,-0.021,False,-0.021,0.09,-0.053,-0.072,-0.001
gold,MANAPPURAM.NS,7,476,positive,-0.072,True,-0.097,0.11,-0.054,-0.038,0.032
gold,TITAN.NS,0,483,negative,0.143,True,0.086,0.124,0.087,0.077,-0.096
gold,TITAN.NS,1,482,negative,0.048,False,0.064,0.091,-0.003,0.004,-0.001
gold,TITAN.NS,2,481,negative,0.076,True,0.087,0.123,0.109,0.096,-0.052
gold,TITAN.NS,3,480,negative,-0.01,False,0.008,0.081,-0.028,-0.021,0.025
gold,TITAN.NS,4,479,negative,0.037,False,0.016,0.105,0.052,0.045,0.01
gold,TITAN.NS,5,478,negative,-0.036,False,-0.036,0.083,-0.059,-0.052,-0.021
gold,TITAN.NS,6,477,negative,-0.032,False,-0.026,0.069,-0.082,-0.09,-0.013
gold,TITAN.NS,7,476,negative,-0.074,True,-0.056,0.115,-0.047,-0.022,0.065
gold,SBIN.NS,0,483,positive,0.109,False,0.099,0.132,0.037,0.021,-0.089
gold,SBIN.NS,1,482,positive,0.054,False,-0.003,0.095,-0.005,-0.004,0.07
gold,SBIN.NS,2,481,positive,-0.024,False,0.009,0.09,-0.007,-0.016,-0.066
gold,SBIN.NS,3,480,positive,-0.038,False,-0.022,0.071,-0.023,-0.011,-0.001
gold,SBIN.NS,4,479,positive,0.121,False,0.067,0.124,0.128,0.142,-0.06
gold,SBIN.NS,5,478,positive,0.05,False,0.07,0.112,0.045,0.034,0.057
gold,SBIN.NS,6,477,positive,-0.019,False,0.03,0.083,-0.052,-0.042,-0.1
gold,SBIN.NS,7,476,positive,-0.107,True,-0.114,0.127,-0.044,-0.034,-0.002
gold,HDFCBANK.NS,0,483,positive,0.071,False,-0.001,0.09,-0.035,-0.032,-0.184
gold,HDFCBANK.NS,1,482,positive,0.073,False,0.066,0.097,0.021,0.032,0.072
gold,HDFCBANK.NS,2,481,positive,-0.022,False,0.002,0.087,-0.03,-0.035,-0.097
gold,HDFCBANK.NS,3,480,positive,-0.001,False,0.037,0.106,0.038,0.044,0.056
gold,HDFCBANK.NS,4,479,positive,0.023,False,-0.001,0.082,0.019,0.051,-0.063
gold,HDFCBANK.NS,5,478,positive,0.035,False,0.023,0.1,0.043,0.02,0.098
gold,HDFCBANK.NS,6,477,positive,0.112,False,0.08,0.109,0.082,0.088,-0.021
gold,HDFCBANK.NS,7,476,positive,-0.086,True,-0.106,0.126,-0.019,-0.033,-0.012
gold,ICICIBANK.NS,0,483,positive,0.046,False,-0.001,0.093,-0.052,-0.049,-0.113
gold,ICICIBANK.NS,1,482,positive,0.098,False,0.095,0.116,0.049,0.055,-0.008
gold,ICICIBANK.NS,2,481,positive,-0.049,False,0.026,0.079,-0.052,-0.058,-0.041
gold,ICICIBANK.NS,3,480,positive,-0.004,False,0.039,0.091,0.028,0.029,-0.044
gold,ICICIBANK.NS,4,479,positive,0.007,False,-0.025,0.082,-0.018,-0.005,0.013
gold,ICICIBANK.NS,5,478,positive,0.018,False,0.072,0.106,0.011,-0.011,0.048
gold,ICICIBANK.NS,6,477,positive,0.029,False,0.013,0.076,-0.026,0.007,-0.062
gold,ICICIBANK.NS,7,476,positive,-0.027,False,-0.051,0.088,0.045,0.04,0.008
silver,HINDZINC.NS,0,483,positive,0.363,True,0.276,0.285,0.352,0.351,-0.08
silver,HINDZINC.NS,1,482,positive,0.266,True,0.264,0.26,0.254,0.247,0.047
silver,HINDZINC.NS,2,481,positive,-0.071,False,-0.028,0.088,-0.042,-0.039,-0.089
silver,HINDZINC.NS,3,480,positive,0.114,True,0.122,0.136,0.115,0.105,0.052
silver,HINDZINC.NS,4,479,positive,-0.009,False,-0.075,0.103,0.015,0.069,0.025
silver,HINDZINC.NS,5,478,positive,0.004,False,-0.001,0.076,0.016,-0.003,0.002
silver,HINDZINC.NS,6,477,positive,-0.017,False,0.006,0.076,-0.018,-0.031,0.052
silver,HINDZINC.NS,7,476,positive,-0.051,False,-0.014,0.086,-0.045,-0.023,0.015
silver,VEDL.NS,0,483,positive,0.148,True,0.204,0.219,0.122,0.115,-0.028
silver,VEDL.NS,1,482,positive,0.153,True,0.215,0.215,0.134,0.127,-0.029
silver,VEDL.NS,2,481,positive,0.025,False,0.028,0.091,0.036,0.036,-0.018
silver,VEDL.NS,3,480,positive,0.096,False,0.147,0.161,0.101,0.102,0.014
silver,VEDL.NS,4,479,positive,-0.013,False,-0.049,0.096,-0.004,0.01,0.0
silver,VEDL.NS,5,478,positive,0.019,False,-0.01,0.092,0.033,0.036,-0.024
silver,VEDL.NS,6,477,positive,-0.016,False,0.024,0.082,-0.024,-0.028,-0.011
silver,VEDL.NS,7,476,positive,0.003,False,-0.01,0.094,0.042,0.051,-0.058
silver,SBIN.NS,0,483,positive,0.063,False,0.088,0.123,-0.001,-0.014,-0.089
silver,SBIN.NS,1,482,positive,0.052,False,-0.018,0.087,0.005,-0.007,0.07
silver,SBIN.NS,2,481,positive,-0.077,False,0.008,0.093,-0.035,-0.042,-0.066
silver,SBIN.NS,3,480,positive,-0.04,False,-0.03,0.08,-0.056,-0.047,-0.001
silver,SBIN.NS,4,479,positive,0.08,True,0.05,0.119,0.105,0.133,-0.06
silver,SBIN.NS,5,478,positive,-0.0,False,0.011,0.083,0.023,-0.002,0.057
silver,SBIN.NS,6,477,positive,-0.08,False,0.018,0.097,-0.098,-0.076,-0.1
silver,SBIN.NS,7,476,positive,-0.073,True,-0.081,0.117,0.013,0.008,-0.002
silver,HDFCBANK.NS,0,483,positive,0.031,False,-0.008,0.072,-0.064,-0.058,-0.184
silver,HDFCBANK.NS,1,482,positive,0.028,False,0.042,0.077,-0.036,-0.034,0.072
silver,HDFCBANK.NS,2,481,positive,-0.046,False,-0.025,0.099,-0.018,-0.012,-0.097
silver,HDFCBANK.NS,3,480,positive,0.03,False,0.063,0.11,0.064,0.047,0.056
silver,HDFCBANK.NS,4,479,positive,-0.015,False,-0.04,0.076,-0.007,0.025,-0.063
silver,HDFCBANK.NS,5,478,positive,0.031,False,0.022,0.111,0.07,0.029,0.098
silver,HDFCBANK.NS,6,477,positive,0.054,False,0.045,0.108,0.046,0.073,-0.021
silver,HDFCBANK.NS,7,476,positive,-0.092,True,-0.067,0.127,-0.015,-0.05,-0.012
silver,ICICIBANK.NS,0,483,positive,0.067,False,0.022,0.079,-0.001,-0.001,-0.113
silver,ICICIBANK.NS,1,482,positive,0.075,True,0.063,0.097,0.027,0.019,-0.008
silver,ICICIBANK.NS,2,481,positive,-0.07,False,-0.025,0.078,-0.034,-0.042,-0.041
silver,ICICIBANK.NS,3,480,positive,-0.001,False,0.034,0.084,0.006,0.001,-0.044
silver,ICICIBANK.NS,4,479,positive,-0.044,False,-0.058,0.092,-0.062,-0.029,0.013
silver,ICICIBANK.NS,5,478,positive,-0.028,False,0.019,0.108,-0.005,-0.027,0.048
silver,ICICIBANK.NS,6,477,positive,0.03,False,0.013,0.088,0.01,0.06,-0.062
silver,ICICIBANK.NS,7,476,positive,-0.037,False,-0.019,0.089,0.048,-0.003,0.008
copper,HINDCOPPER.NS,0,483,positive,0.27,True,0.232,0.241,0.235,0.228,-0.061
copper,HINDCOPPER.NS,1,482,positive,0.182,True,0.227,0.242,0.134,0.121,0.028
copper,HINDCOPPER.NS,2,481,positive,-0.013,False,0.011,0.084,-0.008,-0.011,-0.059
copper,HINDCOPPER.NS,3,480,positive,-0.005,False,-0.008,0.077,0.006,0.008,0.073
copper,HINDCOPPER.NS,4,479,positive,0.02,False,0.025,0.079,0.027,0.036,0.01
copper,HINDCOPPER.NS,5,478,positive,-0.013,False,-0.041,0.085,0.004,0.001,-0.03
copper,HINDCOPPER.NS,6,477,positive,-0.007,False,-0.006,0.089,-0.016,-0.015,0.003
copper,HINDCOPPER.NS,7,476,positive,-0.092,True,-0.129,0.134,-0.016,-0.025,0.014
copper,HINDALCO.NS,0,483,positive,0.202,True,0.179,0.191,0.159,0.15,-0.046
copper,HINDALCO.NS,1,482,positive,0.262,True,0.239,0.258,0.225,0.213,0.039
copper,HINDALCO.NS,2,481,positive,-0.001,False,0.042,0.082,0.008,0.012,-0.046
copper,HINDALCO.NS,3,480,positive,-0.003,False,-0.003,0.074,0.003,-0.006,0.063
copper,HINDALCO.NS,4,479,positive,-0.057,True,-0.032,0.084,-0.046,-0.031,-0.029
copper,HINDALCO.NS,5,478,positive,0.02,False,0.026,0.064,0.053,0.046,-0.072
copper,HINDALCO.NS,6,477,positive,0.036,False,0.011,0.085,0.02,0.014,0.099
copper,HINDALCO.NS,7,476,positive,-0.062,False,-0.106,0.117,0.004,0.004,-0.009
copper,VEDL.NS,0,483,positive,0.126,True,0.187,0.203,0.09,0.081,-0.028
copper,VEDL.NS,1,482,positive,0.108,True,0.207,0.21,0.072,0.063,-0.029
copper,VEDL.NS,2,481,positive,0.022,False,0.017,0.08,0.022,0.021,-0.018
copper,VEDL.NS,3,480,positive,0.036,False,0.067,0.096,0.047,0.046,0.014
copper,VEDL.NS,4,479,positive,0.015,False,0.026,0.074,0.025,0.033,0.0
copper,VEDL.NS,5,478,positive,-0.014,False,-0.081,0.102,-0.01,-0.01,-0.024
copper,VEDL.NS,6,477,positive,-0.019,False,0.006,0.083,-0.017,-0.02,-0.011
copper,VEDL.NS,7,476,positive,-0.03,False,-0.084,0.111,0.019,0.02,-0.058
