run_date,commodity,commodity_pct_change,window_days,stock,direction_rule,threshold_pct,triggered,signal,run_timestamp,is_intraday,cumulative_pct_change,cumulative_window_days,cumulative_threshold_pct,cumulative_progress
2026-09-24,gold,-1.227,1,MUTHOOTFIN.NS,positive,1.5,False,,,,,,,
2026-09-24,silver,-1.52,1,HINDZINC.NS,positive,3.0,False,,,,,,,
2026-09-24,silver,-1.52,1,VEDL.NS,positive,3.0,False,,,,,,,
2026-09-24,copper,0.473,1,HINDALCO.NS,positive,2.0,False,,,,,,,
2026-09-24,copper,0.473,1,HINDCOPPER.NS,positive,2.0,False,,,,,,,
2026-09-24,copper,0.473,1,VEDL.NS,positive,2.0,False,,,,,,,
2026-09-24,gold,0.058,1,MUTHOOTFIN.NS,positive,1.5,False,,,,,,,
2026-09-24,silver,0.315,1,HINDZINC.NS,positive,3.0,False,,,,,,,
2026-09-24,silver,0.315,1,VEDL.NS,positive,3.0,False,,,,,,,
2026-09-24,copper,1.228,1,HINDALCO.NS,positive,2.0,False,,,,,,,
2026-09-24,copper,1.228,1,HINDCOPPER.NS,positive,2.0,False,,,,,,,
2026-09-24,copper,1.228,1,VEDL.NS,positive,2.0,False,,,,,,,
2026-09-24,gold,0.102,1,MUTHOOTFIN.NS,positive,1.5,False,,,,,,,
2026-09-24,silver,0.455,1,HINDZINC.NS,positive,3.0,False,,,,,,,
2026-09-24,silver,0.455,1,VEDL.NS,positive,3.0,False,,,,,,,
2026-09-24,copper,1.325,1,HINDALCO.NS,positive,2.0,False,,,,,,,
2026-09-24,copper,1.325,1,HINDCOPPER.NS,positive,2.0,False,,,,,,,
2026-09-24,copper,1.325,1,VEDL.NS,positive,2.0,False,,,,,,,
2026-09-24,gold,0.083,1,MUTHOOTFIN.NS,positive,1.5,False,,,,,,,
2026-09-24,silver,0.323,1,HINDZINC.NS,positive,3.0,False,,,,,,,
2026-09-24,silver,0.323,1,VEDL.NS,positive,3.0,False,,,,,,,
2026-09-24,copper,1.198,1,HINDALCO.NS,positive,2.0,False,,,,,,,
2026-09-24,copper,1.198,1,HINDCOPPER.NS,positive,2.0,False,,,,,,,
2026-09-24,copper,1.198,1,VEDL.NS,positive,2.0,False,,,,,,,
2026-09-24,gold,0.118,1,MUTHOOTFIN.NS,positive,1.5,False,,,,,,,
2026-09-24,silver,0.292,1,HINDZINC.NS,positive,3.0,False,,,,,,,
2026-09-24,silver,0.292,1,VEDL.NS,positive,3.0,False,,,,,,,
2026-09-24,copper,1.288,1,HINDALCO.NS,positive,2.0,False,,,,,,,
2026-09-24,copper,1.288,1,HINDCOPPER.NS,positive,2.0,False,,,,,,,
2026-09-24,copper,1.288,1,VEDL.NS,positive,2.0,False,,,,,,,
2026-09-24,gold,-1.227,1,MUTHOOTFIN.NS,positive,1.5,False,,,,,,,
2026-09-24,silver,-1.52,1,HINDZINC.NS,positive,3.0,False,,,,,,,
2026-09-24,silver,-1.52,1,VEDL.NS,positive,3.0,False,,,,,,,
2026-09-24,copper,0.473,1,HINDALCO.NS,positive,2.0,False,,,,,,,
2026-09-24,copper,0.473,1,HINDCOPPER.NS,positive,2.0,False,,,,,,,
2026-09-24,copper,0.473,1,VEDL.NS,positive,2.0,False,,,,,,,
2026-09-24,gold,-1.227,1,MUTHOOTFIN.NS,positive,1.5,False,,,,,,,
2026-09-24,silver,-1.52,1,HINDZINC.NS,positive,3.0,False,,,,,,,
2026-09-24,silver,-1.52,1,VEDL.NS,positive,3.0,False,,,,,,,
2026-09-24,copper,0.473,1,HINDALCO.NS,positive,2.0,False,,,,,,,
2026-09-24,copper,0.473,1,HINDCOPPER.NS,positive,2.0,False,,,,,,,
2026-09-24,copper,0.473,1,VEDL.NS,positive,2.0,False,,,,,,,
2026-09-24,gold,-1.227,1,MUTHOOTFIN.NS,positive,1.5,False,,,,,,,
2026-09-24,silver,-1.52,1,HINDZINC.NS,positive,3.0,False,,,,,,,
2026-09-24,silver,-1.52,1,VEDL.NS,positive,3.0,False,,,,,,,
2026-09-24,copper,0.473,1,HINDALCO.NS,positive,2.0,False,,,,,,,
2026-09-24,copper,0.473,1,HINDCOPPER.NS,positive,2.0,False,,,,,,,
2026-09-24,copper,0.473,1,VEDL.NS,positive,2.0,False,,,,,,,
2026-09-24,gold,-1.227,1,MUTHOOTFIN.NS,positive,1.5,False,,,,,,,
2026-09-24,silver,-1.52,1,HINDZINC.NS,positive,3.0,False,,,,,,,
2026-09-24,silver,-1.52,1,VEDL.NS,positive,3.0,False,,,,,,,
2026-09-24,copper,0.473,1,HINDALCO.NS,positive,2.0,False,,,,,,,
2026-09-24,copper,0.473,1,HINDCOPPER.NS,positive,2.0,False,,,,,,,
2026-09-24,copper,0.473,1,VEDL.NS,positive,2.0,False,,,,,,,
2026-09-24,gold,-1.227,1,MUTHOOTFIN.NS,positive,1.5,False,,2026-09-24T19:04,True,-2.31,3.0,2.598,0.889
2026-09-24,silver,-1.52,1,HINDZINC.NS,positive,3.0,False,,2026-09-24T19:04,True,-2.443,3.0,5.196,0.47
2026-09-24,silver,-1.52,1,VEDL.NS,positive,3.0,False,,2026-09-24T19:04,True,-2.443,3.0,5.196,0.47
2026-09-24,copper,0.473,1,HINDALCO.NS,positive,2.0,False,,2026-09-24T19:04,True,2.668,3.0,3.464,0.77
2026-09-24,copper,0.473,1,HINDCOPPER.NS,positive,2.0,False,,2026-09-24T19:04,True,2.668,3.0,3.464,0.77
2026-09-24,copper,0.473,1,VEDL.NS,positive,2.0,False,,2026-09-24T19:04,True,2.668,3.0,3.464,0.77
2026-09-24,gold,-1.227,1,MUTHOOTFIN.NS,positive,1.5,False,,2026-09-24T19:06,True,-2.31,3.0,2.598,0.889
2026-09-24,silver,-1.52,1,HINDZINC.NS,positive,3.0,False,,2026-09-24T19:06,True,-2.443,3.0,5.196,0.47
2026-09-24,silver,-1.52,1,VEDL.NS,positive,3.0,False,,2026-09-24T19:06,True,-2.443,3.0,5.196,0.47
2026-09-24,copper,0.473,1,HINDALCO.NS,positive,2.0,False,,2026-09-24T19:06,True,2.668,3.0,3.464,0.77
2026-09-24,copper,0.473,1,HINDCOPPER.NS,positive,2.0,False,,2026-09-24T19:06,True,2.668,3.0,3.464,0.77
2026-09-24,copper,0.473,1,VEDL.NS,positive,2.0,False,,2026-09-24T19:06,True,2.668,3.0,3.464,0.77
2026-09-24,gold,-1.227,1,MUTHOOTFIN.NS,positive,1.5,False,,2026-09-24T19:11,False,-2.31,3.0,2.598,0.889
2026-09-24,silver,-1.52,1,HINDZINC.NS,positive,3.0,False,,2026-09-24T19:11,False,-2.443,3.0,5.196,0.47
2026-09-24,silver,-1.52,1,VEDL.NS,positive,3.0,False,,2026-09-24T19:11,False,-2.443,3.0,5.196,0.47
2026-09-24,copper,0.473,1,HINDALCO.NS,positive,2.0,False,,2026-09-24T19:11,False,2.668,3.0,3.464,0.77
2026-09-24,copper,0.473,1,HINDCOPPER.NS,positive,2.0,False,,2026-09-24T19:11,False,2.668,3.0,3.464,0.77
2026-09-24,copper,0.473,1,VEDL.NS,positive,2.0,False,,2026-09-24T19:11,False,2.668,3.0,3.464,0.77
2026-09-25,gold,-0.192,1,MUTHOOTFIN.NS,positive,1.5,False,,2026-09-25T03:54,True,-1.683,3.0,2.598,0.648
2026-09-25,silver,-0.236,1,HINDZINC.NS,positive,3.0,False,,2026-09-25T03:54,True,-2.423,3.0,5.196,0.466
2026-09-25,silver,-0.236,1,VEDL.NS,positive,3.0,False,,2026-09-25T03:54,True,-2.423,3.0,5.196,0.466
2026-09-25,copper,1.033,1,HINDALCO.NS,positive,2.0,False,,2026-09-25T03:54,True,0.905,3.0,3.464,0.261
2026-09-25,copper,1.033,1,HINDCOPPER.NS,positive,2.0,False,,2026-09-25T03:54,True,0.905,3.0,3.464,0.261
2026-09-25,copper,1.033,1,VEDL.NS,positive,2.0,False,,2026-09-25T03:54,True,0.905,3.0,3.464,0.261
2026-09-25,gold,0.219,1,MUTHOOTFIN.NS,positive,1.5,False,,2026-09-25T04:53,True,-1.577,3.0,2.598,0.607
2026-09-25,silver,1.045,1,HINDZINC.NS,positive,3.0,False,,2026-09-25T04:53,True,-2.748,3.0,5.196,0.529
2026-09-25,silver,1.045,1,VEDL.NS,positive,3.0,False,,2026-09-25T04:53,True,-2.748,3.0,5.196,0.529
2026-09-25,copper,0.521,1,HINDALCO.NS,positive,2.0,False,,2026-09-25T04:53,True,-0.089,3.0,3.464,0.026
2026-09-25,copper,0.521,1,HINDCOPPER.NS,positive,2.0,False,,2026-09-25T04:53,True,-0.089,3.0,3.464,0.026
2026-09-25,copper,0.521,1,VEDL.NS,positive,2.0,False,,2026-09-25T04:53,True,-0.089,3.0,3.464,0.026
2026-09-25,gold,0.216,1,MUTHOOTFIN.NS,positive,1.5,False,,2026-09-25T04:54,False,-1.579,3.0,2.598,0.608
2026-09-25,silver,1.092,1,HINDZINC.NS,positive,3.0,False,,2026-09-25T04:54,False,-2.703,3.0,5.196,0.52
2026-09-25,silver,1.092,1,VEDL.NS,positive,3.0,False,,2026-09-25T04:54,False,-2.703,3.0,5.196,0.52
2026-09-25,copper,0.514,1,HINDALCO.NS,positive,2.0,False,,2026-09-25T04:54,False,-0.096,3.0,3.464,0.028
2026-09-25,copper,0.514,1,HINDCOPPER.NS,positive,2.0,False,,2026-09-25T04:54,False,-0.096,3.0,3.464,0.028
2026-09-25,copper,0.514,1,VEDL.NS,positive,2.0,False,,2026-09-25T04:54,False,-0.096,3.0,3.464,0.028
2026-09-25,gold,0.242,1,MUTHOOTFIN.NS,positive,1.5,False,,2026-09-25T05:51,True,-1.554,3.0,2.598,0.598
2026-09-25,silver,1.202,1,HINDZINC.NS,positive,3.0,False,,2026-09-25T05:51,True,-2.597,3.0,5.196,0.5
2026-09-25,silver,1.202,1,VEDL.NS,positive,3.0,False,,2026-09-25T05:51,True,-2.597,3.0,5.196,0.5
2026-09-25,copper,0.819,1,HINDALCO.NS,positive,2.0,False,,2026-09-25T05:51,True,0.207,3.0,3.464,0.06
2026-09-25,copper,0.819,1,HINDCOPPER.NS,positive,2.0,False,,2026-09-25T05:51,True,0.207,3.0,3.464,0.06
2026-09-25,copper,0.819,1,VEDL.NS,positive,2.0,False,,2026-09-25T05:51,True,0.207,3.0,3.464,0.06
2026-09-25,gold,0.316,1,MUTHOOTFIN.NS,positive,1.5,False,,2026-09-25T06:58,True,-1.481,3.0,2.598,0.57
2026-09-25,silver,1.187,1,HINDZINC.NS,positive,3.0,False,,2026-09-25T06:58,True,-2.612,3.0,5.196,0.503
2026-09-25,silver,1.187,1,VEDL.NS,positive,3.0,False,,2026-09-25T06:58,True,-2.612,3.0,5.196,0.503
2026-09-25,copper,0.573,1,HINDALCO.NS,positive,2.0,False,,2026-09-25T06:58,True,-0.037,3.0,3.464,0.011
2026-09-25,copper,0.573,1,HINDCOPPER.NS,positive,2.0,False,,2026-09-25T06:58,True,-0.037,3.0,3.464,0.011
2026-09-25,copper,0.573,1,VEDL.NS,positive,2.0,False,,2026-09-25T06:58,True,-0.037,3.0,3.464,0.011
2026-09-25,gold,0.295,1,MUTHOOTFIN.NS,positive,1.5,False,,2026-09-25T07:50,True,-1.501,3.0,2.598,0.578
2026-09-25,silver,1.092,1,HINDZINC.NS,positive,3.0,False,,2026-09-25T07:50,True,-2.703,3.0,5.196,0.52
2026-09-25,silver,1.092,1,VEDL.NS,positive,3.0,False,,2026-09-25T07:50,True,-2.703,3.0,5.196,0.52
2026-09-25,copper,0.171,1,HINDALCO.NS,positive,2.0,False,,2026-09-25T07:50,True,-0.436,3.0,3.464,0.126
2026-09-25,copper,0.171,1,HINDCOPPER.NS,positive,2.0,False,,2026-09-25T07:50,True,-0.436,3.0,3.464,0.126
2026-09-25,copper,0.171,1,VEDL.NS,positive,2.0,False,,2026-09-25T07:50,True,-0.436,3.0,3.464,0.126
2026-09-25,gold,0.563,1,MUTHOOTFIN.NS,positive,1.5,False,,2026-09-25T08:51,True,-1.238,3.0,2.598,0.477
2026-09-25,silver,2.045,1,HINDZINC.NS,positive,3.0,False,,2026-09-25T08:51,True,-1.785,3.0,5.196,0.344
2026-09-25,silver,2.045,1,VEDL.NS,positive,3.0,False,,2026-09-25T08:51,True,-1.785,3.0,5.196,0.344
2026-09-25,copper,0.566,1,HINDALCO.NS,positive,2.0,False,,2026-09-25T08:51,True,-0.044,3.0,3.464,0.013
2026-09-25,copper,0.566,1,HINDCOPPER.NS,positive,2.0,False,,2026-09-25T08:51,True,-0.044,3.0,3.464,0.013
2026-09-25,copper,0.566,1,VEDL.NS,positive,2.0,False,,2026-09-25T08:51,True,-0.044,3.0,3.464,0.013
2026-09-25,gold,0.742,1,MUTHOOTFIN.NS,positive,1.5,False,,2026-09-25T09:52,True,-1.063,3.0,2.598,0.409
2026-09-25,silver,2.51,1,HINDZINC.NS,positive,3.0,False,,2026-09-25T09:52,True,-1.338,3.0,5.196,0.257
2026-09-25,silver,2.51,1,VEDL.NS,positive,3.0,False,,2026-09-25T09:52,True,-1.338,3.0,5.196,0.257
2026-09-25,copper,0.826,1,HINDALCO.NS,positive,2.0,False,,2026-09-25T09:52,True,0.215,3.0,3.464,0.062
2026-09-25,copper,0.826,1,HINDCOPPER.NS,positive,2.0,False,,2026-09-25T09:52,True,0.215,3.0,3.464,0.062
2026-09-25,copper,0.826,1,VEDL.NS,positive,2.0,False,,2026-09-25T09:52,True,0.215,3.0,3.464,0.062
2026-09-28,gold,-2.217,1,MUTHOOTFIN.NS,positive,1.5,True,SELL,2026-09-28T03:56,True,-2.154,3.0,2.598,0.829
2026-09-28,silver,-2.895,1,HINDZINC.NS,positive,3.0,False,,2026-09-28T03:56,True,-3.102,3.0,5.196,0.597
2026-09-28,silver,-2.895,1,VEDL.NS,positive,3.0,False,,2026-09-28T03:56,True,-3.102,3.0,5.196,0.597
2026-09-28,copper,-0.426,1,HINDALCO.NS,positive,2.0,False,,2026-09-28T03:56,True,-0.165,3.0,3.464,0.048
2026-09-28,copper,-0.426,1,HINDCOPPER.NS,positive,2.0,False,,2026-09-28T03:56,True,-0.165,3.0,3.464,0.048
2026-09-28,copper,-0.426,1,VEDL.NS,positive,2.0,False,,2026-09-28T03:56,True,-0.165,3.0,3.464,0.048
2026-09-28,gold,-2.08,1,MUTHOOTFIN.NS,positive,1.5,True,SELL,2026-09-28T04:54,True,-2.017,3.0,2.598,0.776
2026-09-28,silver,-2.872,1,HINDZINC.NS,positive,3.0,False,,2026-09-28T04:54,True,-3.079,3.0,5.196,0.592
2026-09-28,silver,-2.872,1,VEDL.NS,positive,3.0,False,,2026-09-28T04:54,True,-3.079,3.0,5.196,0.592
2026-09-28,copper,-0.448,1,HINDALCO.NS,positive,2.0,False,,2026-09-28T04:54,True,-0.187,3.0,3.464,0.054
2026-09-28,copper,-0.448,1,HINDCOPPER.NS,positive,2.0,False,,2026-09-28T04:54,True,-0.187,3.0,3.464,0.054
2026-09-28,copper,-0.448,1,VEDL.NS,positive,2.0,False,,2026-09-28T04:54,True,-0.187,3.0,3.464,0.054
2026-09-28,gold,-2.087,1,MUTHOOTFIN.NS,positive,1.5,True,SELL,2026-09-28T04:56,False,-2.024,3.0,2.598,0.779
2026-09-28,silver,-2.887,1,HINDZINC.NS,positive,3.0,False,,2026-09-28T04:56,False,-3.094,3.0,5.196,0.595
2026-09-28,silver,-2.887,1,VEDL.NS,positive,3.0,False,,2026-09-28T04:56,False,-3.094,3.0,5.196,0.595
2026-09-28,copper,-0.411,1,HINDALCO.NS,positive,2.0,False,,2026-09-28T04:56,False,-0.15,3.0,3.464,0.043
2026-09-28,copper,-0.411,1,HINDCOPPER.NS,positive,2.0,False,,2026-09-28T04:56,False,-0.15,3.0,3.464,0.043
2026-09-28,copper,-0.411,1,VEDL.NS,positive,2.0,False,,2026-09-28T04:56,False,-0.15,3.0,3.464,0.043
2026-09-28,gold,-2.465,1,MUTHOOTFIN.NS,positive,1.5,True,SELL,2026-09-28T05:53,True,-2.401,3.0,2.598,0.924
2026-09-28,silver,-3.471,1,HINDZINC.NS,positive,3.0,True,SELL,2026-09-28T05:53,True,-3.677,3.0,5.196,0.708
2026-09-28,silver,-3.471,1,VEDL.NS,positive,3.0,True,SELL,2026-09-28T05:53,True,-3.677,3.0,5.196,0.708
2026-09-28,copper,-0.553,1,HINDALCO.NS,positive,2.0,False,,2026-09-28T05:53,True,-0.292,3.0,3.464,0.084
2026-09-28,copper,-0.553,1,HINDCOPPER.NS,positive,2.0,False,,2026-09-28T05:53,True,-0.292,3.0,3.464,0.084
2026-09-28,copper,-0.553,1,VEDL.NS,positive,2.0,False,,2026-09-28T05:53,True,-0.292,3.0,3.464,0.084
2026-09-28,gold,-2.671,1,MUTHOOTFIN.NS,positive,1.5,True,SELL,2026-09-28T07:00,True,-2.607,3.0,2.598,1.004
2026-09-28,silver,-3.611,1,HINDZINC.NS,positive,3.0,True,SELL,2026-09-28T07:00,True,-3.816,3.0,5.196,0.734
2026-09-28,silver,-3.611,1,VEDL.NS,positive,3.0,True,SELL,2026-09-28T07:00,True,-3.816,3.0,5.196,0.734
2026-09-28,copper,-0.441,1,HINDALCO.NS,positive,2.0,False,,2026-09-28T07:00,True,-0.18,3.0,3.464,0.052
2026-09-28,copper,-0.441,1,HINDCOPPER.NS,positive,2.0,False,,2026-09-28T07:00,True,-0.18,3.0,3.464,0.052
2026-09-28,copper,-0.441,1,VEDL.NS,positive,2.0,False,,2026-09-28T07:00,True,-0.18,3.0,3.464,0.052
2026-09-28,gold,-3.076,1,MUTHOOTFIN.NS,positive,1.5,True,SELL,2026-09-28T07:52,True,-3.013,3.0,2.598,1.16
2026-09-28,silver,-4.428,1,HINDZINC.NS,positive,3.0,True,SELL,2026-09-28T07:52,True,-4.632,3.0,5.196,0.891
2026-09-28,silver,-4.428,1,VEDL.NS,positive,3.0,True,SELL,2026-09-28T07:52,True,-4.632,3.0,5.196,0.891
2026-09-28,copper,-1.396,1,HINDALCO.NS,positive,2.0,False,,2026-09-28T07:52,True,-1.138,3.0,3.464,0.329
2026-09-28,copper,-1.396,1,HINDCOPPER.NS,positive,2.0,False,,2026-09-28T07:52,True,-1.138,3.0,3.464,0.329
2026-09-28,copper,-1.396,1,VEDL.NS,positive,2.0,False,,2026-09-28T07:52,True,-1.138,3.0,3.464,0.329
2026-09-28,gold,-3.194,1,MUTHOOTFIN.NS,positive,1.5,True,SELL,2026-09-28T08:53,True,-3.131,3.0,2.598,1.205
2026-09-28,silver,-4.156,1,HINDZINC.NS,positive,3.0,True,SELL,2026-09-28T08:53,True,-4.36,3.0,5.196,0.839
2026-09-28,silver,-4.156,1,VEDL.NS,positive,3.0,True,SELL,2026-09-28T08:53,True,-4.36,3.0,5.196,0.839
2026-09-28,copper,-1.247,1,HINDALCO.NS,positive,2.0,False,,2026-09-28T08:53,True,-0.988,3.0,3.464,0.285
2026-09-28,copper,-1.247,1,HINDCOPPER.NS,positive,2.0,False,,2026-09-28T08:53,True,-0.988,3.0,3.464,0.285
2026-09-28,copper,-1.247,1,VEDL.NS,positive,2.0,False,,2026-09-28T08:53,True,-0.988,3.0,3.464,0.285
2026-09-28,gold,-3.201,1,MUTHOOTFIN.NS,positive,1.5,True,SELL,2026-09-28T09:54,True,-3.138,3.0,2.598,1.208
2026-09-28,silver,-4.133,1,HINDZINC.NS,positive,3.0,True,SELL,2026-09-28T09:54,True,-4.337,3.0,5.196,0.835
2026-09-28,silver,-4.133,1,VEDL.NS,positive,3.0,True,SELL,2026-09-28T09:54,True,-4.337,3.0,5.196,0.835
2026-09-28,copper,-1.023,1,HINDALCO.NS,positive,2.0,False,,2026-09-28T09:54,True,-0.764,3.0,3.464,0.22
2026-09-28,copper,-1.023,1,HINDCOPPER.NS,positive,2.0,False,,2026-09-28T09:54,True,-0.764,3.0,3.464,0.22
2026-09-28,copper,-1.023,1,VEDL.NS,positive,2.0,False,,2026-09-28T09:54,True,-0.764,3.0,3.464,0.22
2026-09-29,gold,-3.564,1,MUTHOOTFIN.NS,positive,1.5,True,SELL,2026-09-29T03:56,True,-3.501,3.0,2.598,1.348
2026-09-29,silver,-4.95,1,HINDZINC.NS,positive,3.0,True,SELL,2026-09-29T03:56,True,-5.152,3.0,5.196,0.992
2026-09-29,silver,-4.95,1,VEDL.NS,positive,3.0,True,SELL,2026-09-29T03:56,True,-5.152,3.0,5.196,0.992
2026-09-29,copper,-1.045,1,HINDALCO.NS,positive,2.0,False,,2026-09-29T03:56,True,-0.786,3.0,3.464,0.227
2026-09-29,copper,-1.045,1,HINDCOPPER.NS,positive,2.0,False,,2026-09-29T03:56,True,-0.786,3.0,3.464,0.227
2026-09-29,copper,-1.045,1,VEDL.NS,positive,2.0,False,,2026-09-29T03:56,True,-0.786,3.0,3.464,0.227
2026-09-29,gold,-0.259,1,MUTHOOTFIN.NS,positive,1.5,False,,2026-09-29T04:54,True,-3.267,3.0,2.598,1.257
2026-09-29,silver,-0.433,1,HINDZINC.NS,positive,3.0,False,,2026-09-29T04:54,True,-3.943,3.0,5.196,0.759
2026-09-29,silver,-0.433,1,VEDL.NS,positive,3.0,False,,2026-09-29T04:54,True,-3.943,3.0,5.196,0.759
2026-09-29,copper,0.693,1,HINDALCO.NS,positive,2.0,False,,2026-09-29T04:54,True,-1.593,3.0,3.464,0.46
2026-09-29,copper,0.693,1,HINDCOPPER.NS,positive,2.0,False,,2026-09-29T04:54,True,-1.593,3.0,3.464,0.46
2026-09-29,copper,0.693,1,VEDL.NS,positive,2.0,False,,2026-09-29T04:54,True,-1.593,3.0,3.464,0.46
2026-09-29,gold,-3.77,1,MUTHOOTFIN.NS,positive,1.5,True,SELL,2026-09-29T04:55,False,-3.707,3.0,2.598,1.427
2026-09-29,silver,-0.506,1,HINDZINC.NS,positive,3.0,False,,2026-09-29T04:55,False,-4.014,3.0,5.196,0.772
2026-09-29,silver,-0.506,1,VEDL.NS,positive,3.0,False,,2026-09-29T04:55,False,-4.014,3.0,5.196,0.772
2026-09-29,copper,0.693,1,HINDALCO.NS,positive,2.0,False,,2026-09-29T04:55,False,-1.593,3.0,3.464,0.46
2026-09-29,copper,0.693,1,HINDCOPPER.NS,positive,2.0,False,,2026-09-29T04:55,False,-1.593,3.0,3.464,0.46
2026-09-29,copper,0.693,1,VEDL.NS,positive,2.0,False,,2026-09-29T04:55,False,-1.593,3.0,3.464,0.46
2026-09-29,gold,-0.031,1,MUTHOOTFIN.NS,positive,1.5,False,,2026-09-29T05:53,True,-3.046,3.0,2.598,1.172
2026-09-29,silver,-0.221,1,HINDZINC.NS,positive,3.0,False,,2026-09-29T05:53,True,-3.738,3.0,5.196,0.719
2026-09-29,silver,-0.221,1,VEDL.NS,positive,3.0,False,,2026-09-29T05:53,True,-3.738,3.0,5.196,0.719
2026-09-29,copper,0.952,1,HINDALCO.NS,positive,2.0,False,,2026-09-29T05:53,True,-1.34,3.0,3.464,0.387
2026-09-29,copper,0.952,1,HINDCOPPER.NS,positive,2.0,False,,2026-09-29T05:53,True,-1.34,3.0,3.464,0.387
2026-09-29,copper,0.952,1,VEDL.NS,positive,2.0,False,,2026-09-29T05:53,True,-1.34,3.0,3.464,0.387
2026-09-29,gold,0.122,1,MUTHOOTFIN.NS,positive,1.5,False,,2026-09-29T07:00,True,-2.897,3.0,2.598,1.115
2026-09-29,silver,-0.025,1,HINDZINC.NS,positive,3.0,False,,2026-09-29T07:00,True,-3.549,3.0,5.196,0.683
2026-09-29,silver,-0.025,1,VEDL.NS,positive,3.0,False,,2026-09-29T07:00,True,-3.549,3.0,5.196,0.683
2026-09-29,copper,0.967,1,HINDALCO.NS,positive,2.0,False,,2026-09-29T07:00,True,-1.325,3.0,3.464,0.382
2026-09-29,copper,0.967,1,HINDCOPPER.NS,positive,2.0,False,,2026-09-29T07:00,True,-1.325,3.0,3.464,0.382
2026-09-29,copper,0.967,1,VEDL.NS,positive,2.0,False,,2026-09-29T07:00,True,-1.325,3.0,3.464,0.382
2026-09-29,gold,-3.362,1,MUTHOOTFIN.NS,positive,1.5,True,SELL,2026-09-29T07:52,True,-3.3,3.0,2.598,1.27
2026-09-29,silver,0.065,1,HINDZINC.NS,positive,3.0,False,,2026-09-29T07:52,True,-3.462,3.0,5.196,0.666
2026-09-29,silver,0.065,1,VEDL.NS,positive,3.0,False,,2026-09-29T07:52,True,-3.462,3.0,5.196,0.666
2026-09-29,copper,0.655,1,HINDALCO.NS,positive,2.0,False,,2026-09-29T07:52,True,-1.63,3.0,3.464,0.471
2026-09-29,copper,0.655,1,HINDCOPPER.NS,positive,2.0,False,,2026-09-29T07:52,True,-1.63,3.0,3.464,0.471
2026-09-29,copper,0.655,1,VEDL.NS,positive,2.0,False,,2026-09-29T07:52,True,-1.63,3.0,3.464,0.471
2026-09-29,gold,-3.469,1,MUTHOOTFIN.NS,positive,1.5,True,SELL,2026-09-29T08:53,True,-3.406,3.0,2.598,1.311
2026-09-29,silver,-0.4,1,HINDZINC.NS,positive,3.0,False,,2026-09-29T08:53,True,-3.911,3.0,5.196,0.753
2026-09-29,silver,-0.4,1,VEDL.NS,positive,3.0,False,,2026-09-29T08:53,True,-3.911,3.0,5.196,0.753
2026-09-29,copper,0.411,1,HINDALCO.NS,positive,2.0,False,,2026-09-29T08:53,True,-1.868,3.0,3.464,0.539
2026-09-29,copper,0.411,1,HINDCOPPER.NS,positive,2.0,False,,2026-09-29T08:53,True,-1.868,3.0,3.464,0.539
2026-09-29,copper,0.411,1,VEDL.NS,positive,2.0,False,,2026-09-29T08:53,True,-1.868,3.0,3.464,0.539
2026-09-29,gold,0.23,1,MUTHOOTFIN.NS,positive,1.5,False,,2026-09-29T09:55,True,-2.792,3.0,2.598,1.075
2026-09-29,silver,-0.221,1,HINDZINC.NS,positive,3.0,False,,2026-09-29T09:55,True,-3.738,3.0,5.196,0.719
2026-09-29,silver,-0.221,1,VEDL.NS,positive,3.0,False,,2026-09-29T09:55,True,-3.738,3.0,5.196,0.719
2026-09-29,copper,0.602,1,HINDALCO.NS,positive,2.0,False,,2026-09-29T09:55,True,-1.682,3.0,3.464,0.486
2026-09-29,copper,0.602,1,HINDCOPPER.NS,positive,2.0,False,,2026-09-29T09:55,True,-1.682,3.0,3.464,0.486
2026-09-29,copper,0.602,1,VEDL.NS,positive,2.0,False,,2026-09-29T09:55,True,-1.682,3.0,3.464,0.486
2026-09-30,gold,0.9,1,MUTHOOTFIN.NS,positive,1.5,False,,2026-09-30T03:56,True,-2.143,3.0,2.598,0.825
2026-09-30,silver,0.278,1,HINDZINC.NS,positive,3.0,False,,2026-09-30T03:56,True,-3.257,3.0,5.196,0.627
2026-09-30,silver,0.278,1,VEDL.NS,positive,3.0,False,,2026-09-30T03:56,True,-3.257,3.0,5.196,0.627
2026-09-30,copper,0.853,1,HINDALCO.NS,positive,2.0,False,,2026-09-30T03:56,True,-1.436,3.0,3.464,0.415
2026-09-30,copper,0.853,1,HINDCOPPER.NS,positive,2.0,False,,2026-09-30T03:56,True,-1.436,3.0,3.464,0.415
2026-09-30,copper,0.853,1,VEDL.NS,positive,2.0,False,,2026-09-30T03:56,True,-1.436,3.0,3.464,0.415
2026-09-30,gold,0.801,1,MUTHOOTFIN.NS,positive,1.5,False,,2026-09-30T04:55,True,-2.499,3.0,2.598,0.962
2026-09-30,silver,1.429,1,HINDZINC.NS,positive,3.0,False,,2026-09-30T04:55,True,-4.218,3.0,5.196,0.812
2026-09-30,silver,1.429,1,VEDL.NS,positive,3.0,False,,2026-09-30T04:55,True,-4.218,3.0,5.196,0.812
2026-09-30,copper,1.223,1,HINDALCO.NS,positive,2.0,False,,2026-09-30T04:55,True,-1.075,3.0,3.464,0.31
2026-09-30,copper,1.223,1,HINDCOPPER.NS,positive,2.0,False,,2026-09-30T04:55,True,-1.075,3.0,3.464,0.31
2026-09-30,copper,1.223,1,VEDL.NS,positive,2.0,False,,2026-09-30T04:55,True,-1.075,3.0,3.464,0.31
2026-09-30,gold,0.801,1,MUTHOOTFIN.NS,positive,1.5,False,,2026-09-30T04:56,False,-2.499,3.0,2.598,0.962
2026-09-30,silver,1.413,1,HINDZINC.NS,positive,3.0,False,,2026-09-30T04:56,False,-4.234,3.0,5.196,0.815
2026-09-30,silver,1.413,1,VEDL.NS,positive,3.0,False,,2026-09-30T04:56,False,-4.234,3.0,5.196,0.815
2026-09-30,copper,1.223,1,HINDALCO.NS,positive,2.0,False,,2026-09-30T04:56,False,-1.075,3.0,3.464,0.31
2026-09-30,copper,1.223,1,HINDCOPPER.NS,positive,2.0,False,,2026-09-30T04:56,False,-1.075,3.0,3.464,0.31
2026-09-30,copper,1.223,1,VEDL.NS,positive,2.0,False,,2026-09-30T04:56,False,-1.075,3.0,3.464,0.31
2026-09-30,gold,0.708,1,MUTHOOTFIN.NS,positive,1.5,False,,2026-09-30T05:54,True,-2.59,3.0,2.598,0.997
2026-09-30,silver,1.289,1,HINDZINC.NS,positive,3.0,False,,2026-09-30T05:54,True,-4.351,3.0,5.196,0.837
2026-09-30,silver,1.289,1,VEDL.NS,positive,3.0,False,,2026-09-30T05:54,True,-4.351,3.0,5.196,0.837
2026-09-30,copper,1.268,1,HINDALCO.NS,positive,2.0,False,,2026-09-30T05:54,True,-1.031,3.0,3.464,0.297
2026-09-30,copper,1.268,1,HINDCOPPER.NS,positive,2.0,False,,2026-09-30T05:54,True,-1.031,3.0,3.464,0.297
2026-09-30,copper,1.268,1,VEDL.NS,positive,2.0,False,,2026-09-30T05:54,True,-1.031,3.0,3.464,0.297
2026-09-30,gold,0.833,1,MUTHOOTFIN.NS,positive,1.5,False,,2026-09-30T07:00,True,-2.469,3.0,2.598,0.95
2026-09-30,silver,1.256,1,HINDZINC.NS,positive,3.0,False,,2026-09-30T07:00,True,-4.382,3.0,5.196,0.843
2026-09-30,silver,1.256,1,VEDL.NS,positive,3.0,False,,2026-09-30T07:00,True,-4.382,3.0,5.196,0.843
2026-09-30,copper,1.383,1,HINDALCO.NS,positive,2.0,False,,2026-09-30T07:00,True,-0.919,3.0,3.464,0.265
2026-09-30,copper,1.383,1,HINDCOPPER.NS,positive,2.0,False,,2026-09-30T07:00,True,-0.919,3.0,3.464,0.265
2026-09-30,copper,1.383,1,VEDL.NS,positive,2.0,False,,2026-09-30T07:00,True,-0.919,3.0,3.464,0.265
2026-09-30,gold,1.084,1,MUTHOOTFIN.NS,positive,1.5,False,,2026-09-30T07:53,True,-2.226,3.0,2.598,0.857
2026-09-30,silver,1.561,1,HINDZINC.NS,positive,3.0,False,,2026-09-30T07:53,True,-4.094,3.0,5.196,0.788
2026-09-30,silver,1.561,1,VEDL.NS,positive,3.0,False,,2026-09-30T07:53,True,-4.094,3.0,5.196,0.788
2026-09-30,copper,1.696,1,HINDALCO.NS,positive,2.0,False,,2026-09-30T07:53,True,-0.612,3.0,3.464,0.177
2026-09-30,copper,1.696,1,HINDCOPPER.NS,positive,2.0,False,,2026-09-30T07:53,True,-0.612,3.0,3.464,0.177
2026-09-30,copper,1.696,1,VEDL.NS,positive,2.0,False,,2026-09-30T07:53,True,-0.612,3.0,3.464,0.177
2026-09-30,gold,1.22,1,MUTHOOTFIN.NS,positive,1.5,False,,2026-09-30T08:53,True,-2.094,3.0,2.598,0.806
2026-09-30,silver,1.479,1,HINDZINC.NS,positive,3.0,False,,2026-09-30T08:53,True,-4.172,3.0,5.196,0.803
2026-09-30,silver,1.479,1,VEDL.NS,positive,3.0,False,,2026-09-30T08:53,True,-4.172,3.0,5.196,0.803
2026-09-30,copper,1.551,1,HINDALCO.NS,positive,2.0,False,,2026-09-30T08:53,True,-0.754,3.0,3.464,0.218
2026-09-30,copper,1.551,1,HINDCOPPER.NS,positive,2.0,False,,2026-09-30T08:53,True,-0.754,3.0,3.464,0.218
2026-09-30,copper,1.551,1,VEDL.NS,positive,2.0,False,,2026-09-30T08:53,True,-0.754,3.0,3.464,0.218
2026-09-30,gold,0.976,1,MUTHOOTFIN.NS,positive,1.5,False,,2026-09-30T09:55,True,-2.33,3.0,2.598,0.897
2026-09-30,silver,0.902,1,HINDZINC.NS,positive,3.0,False,,2026-09-30T09:55,True,-4.716,3.0,5.196,0.908
2026-09-30,silver,0.902,1,VEDL.NS,positive,3.0,False,,2026-09-30T09:55,True,-4.716,3.0,5.196,0.908
2026-09-30,copper,1.299,1,HINDALCO.NS,positive,2.0,False,,2026-09-30T09:55,True,-1.001,3.0,3.464,0.289
2026-09-30,copper,1.299,1,HINDCOPPER.NS,positive,2.0,False,,2026-09-30T09:55,True,-1.001,3.0,3.464,0.289
2026-09-30,copper,1.299,1,VEDL.NS,positive,2.0,False,,2026-09-30T09:55,True,-1.001,3.0,3.464,0.289
2026-10-01,gold,0.498,1,MUTHOOTFIN.NS,positive,1.5,False,,2026-10-01T03:57,True,-2.793,3.0,2.598,1.075
2026-10-01,silver,1.24,1,HINDZINC.NS,positive,3.0,False,,2026-10-01T03:57,True,-4.397,3.0,5.196,0.846
2026-10-01,silver,1.24,1,VEDL.NS,positive,3.0,False,,2026-10-01T03:57,True,-4.397,3.0,5.196,0.846
2026-10-01,copper,0.756,1,HINDALCO.NS,positive,2.0,False,,2026-10-01T03:57,True,-1.531,3.0,3.464,0.442
2026-10-01,copper,0.756,1,HINDCOPPER.NS,positive,2.0,False,,2026-10-01T03:57,True,-1.531,3.0,3.464,0.442
2026-10-01,copper,0.756,1,VEDL.NS,positive,2.0,False,,2026-10-01T03:57,True,-1.531,3.0,3.464,0.442
2026-10-01,gold,0.435,1,MUTHOOTFIN.NS,positive,1.5,False,,2026-10-01T04:56,True,0.876,3.0,2.598,0.337
2026-10-01,silver,2.258,1,HINDZINC.NS,positive,3.0,False,,2026-10-01T04:56,True,0.384,3.0,5.196,0.074
2026-10-01,silver,2.258,1,VEDL.NS,positive,3.0,False,,2026-10-01T04:56,True,0.384,3.0,5.196,0.074
2026-10-01,copper,0.732,1,HINDALCO.NS,positive,2.0,False,,2026-10-01T04:56,True,0.624,3.0,3.464,0.18
2026-10-01,copper,0.732,1,HINDCOPPER.NS,positive,2.0,False,,2026-10-01T04:56,True,0.624,3.0,3.464,0.18
2026-10-01,copper,0.732,1,VEDL.NS,positive,2.0,False,,2026-10-01T04:56,True,0.624,3.0,3.464,0.18
2026-10-01,gold,0.478,1,MUTHOOTFIN.NS,positive,1.5,False,,2026-10-01T04:57,False,0.919,3.0,2.598,0.354
2026-10-01,silver,2.233,1,HINDZINC.NS,positive,3.0,False,,2026-10-01T04:57,False,0.359,3.0,5.196,0.069
2026-10-01,silver,2.233,1,VEDL.NS,positive,3.0,False,,2026-10-01T04:57,False,0.359,3.0,5.196,0.069
2026-10-01,copper,0.755,1,HINDALCO.NS,positive,2.0,False,,2026-10-01T04:57,False,0.647,3.0,3.464,0.187
2026-10-01,copper,0.755,1,HINDCOPPER.NS,positive,2.0,False,,2026-10-01T04:57,False,0.647,3.0,3.464,0.187
2026-10-01,copper,0.755,1,VEDL.NS,positive,2.0,False,,2026-10-01T04:57,False,0.647,3.0,3.464,0.187
2026-10-01,gold,0.752,1,MUTHOOTFIN.NS,positive,1.5,False,,2026-10-01T05:55,True,1.195,3.0,2.598,0.46
2026-10-01,silver,2.541,1,HINDZINC.NS,positive,3.0,False,,2026-10-01T05:55,True,0.662,3.0,5.196,0.127
2026-10-01,silver,2.541,1,VEDL.NS,positive,3.0,False,,2026-10-01T05:55,True,0.662,3.0,5.196,0.127
2026-10-01,copper,1.166,1,HINDALCO.NS,positive,2.0,False,,2026-10-01T05:55,True,1.058,3.0,3.464,0.306
2026-10-01,copper,1.166,1,HINDCOPPER.NS,positive,2.0,False,,2026-10-01T05:55,True,1.058,3.0,3.464,0.306
2026-10-01,copper,1.166,1,VEDL.NS,positive,2.0,False,,2026-10-01T05:55,True,1.058,3.0,3.464,0.306
